{
  "mae": 48616.05265849229,
  "rmse": 110933.4212133202,
  "r2": 0.9086913771319022,
  "n_samples": 21613
}